source_id	class	format	url	title
PMC001	ACA	html	https://pmc.ncbi.nlm.nih.gov/articles/PMC6786290/	A national experiment reveals where a growth mindset improves achievement
PMC002	ACA	html	https://pmc.ncbi.nlm.nih.gov/articles/PMC4853817/	ASSOCIATION BETWEEN SOCIAL MEDIA USE AND DEPRESSION AMONG U.S. YOUNG ADULTS
PMC003	ACA	html	https://pmc.ncbi.nlm.nih.gov/articles/PMC6410568/	Accuracy of Self‐Report Versus Objective Smart‐Scale Weights During a 12‐Week Weight Management Intervention
PMC004	ACA	html	https://pmc.ncbi.nlm.nih.gov/articles/PMC3636323/	Adherence to a Smartphone Application for Weight Loss Compared to Website and Paper Diary: Pilot Randomized Controlled Trial
PMC005	ACA	html	https://pmc.ncbi.nlm.nih.gov/articles/PMC3058142/	Adolescent Screen Time and Rules to Limit Screen Time in the Home
PMC006	ACA	html	https://pmc.ncbi.nlm.nih.gov/articles/PMC8221420/	Annual Research Review: Adolescent mental health in the digital age: facts, fears, and future directions
PMC007	ACA	html	https://pmc.ncbi.nlm.nih.gov/articles/PMC3902198/	Behavioural activation versus mindfulness-based guided self-help treatment administered through a smartphone application: a randomised controlled trial
PMC008	ACA	pdf	https://pmc.ncbi.nlm.nih.gov/articles/PMC12320421/pdf/nihms-2098196.pdf	Beyond Screen Time—Addictive Screen Use Patterns and Adolescent Mental Health
PMC009	ACA	html	https://pmc.ncbi.nlm.nih.gov/articles/PMC7273653/	Combinations of physical activity, sedentary time, and sleep duration and their associations with depressive symptoms and other mental health problems in children and adolescents: a systematic review
PMC010	ACA	html	https://pmc.ncbi.nlm.nih.gov/articles/PMC3841374/	Diabetes Self-Management Smartphone Application for Adults With Type 1 Diabetes: Randomized Controlled Trial
PMC011	ACA	html	https://pmc.ncbi.nlm.nih.gov/articles/PMC4977203/	Dose–response association of screen time-based sedentary behaviour in children and adolescents and depression: a meta-analysis of observational studies
PMC012	ACA	html	https://pmc.ncbi.nlm.nih.gov/articles/PMC6326346/	Effects of screentime on the health and well-being of children and adolescents: a systematic review of reviews
PMC013	ACA	html	https://pmc.ncbi.nlm.nih.gov/articles/PMC4536582/	Expert Panel on Integrated Guidelines for Cardiovascular Health and Risk Reduction in Children and Adolescents: Summary Report
PMC014	ACA	html	https://pmc.ncbi.nlm.nih.gov/articles/PMC7345987/	Fear of Missing Out, Mental Wellbeing, and Social Connectedness: A Seven-Day Social Media Abstinence Trial
PMC015	ACA	pdf	https://pmc.ncbi.nlm.nih.gov/articles/PMC10038159/pdf/prbm-16-885.pdf	How Mothers’ Problematic Smartphone Use Affects Adolescents’ Problematic Smartphone Use: Mediating Roles of Time Mothers Spend with Adolescents and Adolescents’ Self-Esteem
PMC016	ACA	html	https://pmc.ncbi.nlm.nih.gov/articles/PMC1550605/	Improving the Quality of Web Surveys: The Checklist for Reporting Results of Internet E-Surveys (CHERRIES)
PMC017	ACA	html	https://pmc.ncbi.nlm.nih.gov/articles/PMC4795320/	Mental Health Smartphone Apps: Review and Evidence-Based Recommendations for Future Developments
PMC018	ACA	html	https://pmc.ncbi.nlm.nih.gov/articles/PMC7093465/	Methods in predictive techniques for mental health status on social media: a critical review
PMC019	ACA	html	https://pmc.ncbi.nlm.nih.gov/articles/PMC4873624/	New Tools for New Research in Psychiatry: A Scalable and Customizable Platform to Empower Data Driven Smartphone Research
PMC020	ACA	html	https://pmc.ncbi.nlm.nih.gov/articles/PMC8511927/	Poor Uncorrected Visual Acuity and Association With Sleep Duration and Screen Time: A Dose–Response Relationship Study
PMC021	ACA	html	https://pmc.ncbi.nlm.nih.gov/articles/PMC7196181/	Prevalence and socio-demographic correlates of psychological health problems in Chinese adolescents during the outbreak of COVID-19
PMC022	ACA	html	https://pmc.ncbi.nlm.nih.gov/articles/PMC9052033/	Problematic Social Media Use in Adolescents and Young Adults: Systematic Review and Meta-analysis
PMC023	ACA	html	https://pmc.ncbi.nlm.nih.gov/articles/PMC5222338/	Problematic Social Media Use: Results from a Large-Scale Nationally Representative Adolescent Sample
PMC024	ACA	html	https://pmc.ncbi.nlm.nih.gov/articles/PMC12684653/	Prospective Predictors of Adolescent Screen Time and Problematic Screen Use
PMC025	ACA	html	https://pmc.ncbi.nlm.nih.gov/articles/PMC2562622/	Retracted: Predictive Validity of a Medication Adherence Measure in an Outpatient Setting
PMC026	ACA	html	https://pmc.ncbi.nlm.nih.gov/articles/PMC9238177/	Screen time increases overweight and obesity risk among adolescents: a systematic review and dose-response meta-analysis
PMC027	ACA	html	https://pmc.ncbi.nlm.nih.gov/articles/PMC4316480/	Sleep and use of electronic devices in adolescence: results from a large population-based study
PMC028	ACA	html	https://pmc.ncbi.nlm.nih.gov/articles/PMC7012622/	Smartphones, social media use and youth mental health
PMC029	ACA	html	https://pmc.ncbi.nlm.nih.gov/articles/PMC8156131/	Social Media Use for Health Purposes: Systematic Review
PMC030	ACA	html	https://pmc.ncbi.nlm.nih.gov/articles/PMC11403199/	Social connection as a critical factor for mental and physical health: evidence, trends, challenges, and future implications
PMC031	ACA	pdf	https://pmc.ncbi.nlm.nih.gov/articles/PMC10981259/pdf/10.1177_20552076241234744.pdf	Testing the validity of the smartphone pervasiveness scale for adolescents with  self-reported objective smartphone use data
PMC032	ACA	html	https://pmc.ncbi.nlm.nih.gov/articles/PMC9407706/	The Use of Social Media in Children and Adolescents: Scoping Review on the Potential Risks
PMC033	ACA	pdf	https://pmc.ncbi.nlm.nih.gov/articles/PMC10117262/pdf/40359_2023_Article_1166.pdf	The associations between screen time and mental health in adolescents: a systematic review
PMC034	ACA	html	https://pmc.ncbi.nlm.nih.gov/articles/PMC4565735/	The causal effect of education on HIV stigma in Uganda: Evidence from a natural experiment
PMC035	ACA	html	https://pmc.ncbi.nlm.nih.gov/articles/PMC7292584/	The effects of social deprivation on adolescent development and mental health
PMC036	ACA	html	https://pmc.ncbi.nlm.nih.gov/articles/PMC9006671/	The role of microtransactions in Internet Gaming Disorder and Gambling Disorder: A preregistered systematic review
PMC037	ACA	html	https://pmc.ncbi.nlm.nih.gov/articles/PMC3552971/	Towards parsimony in habit measurement: Testing the convergent and predictive validity of an automaticity subscale of the Self-Report Habit Index
PMC038	ACA	html	https://pmc.ncbi.nlm.nih.gov/articles/PMC4408239/	Utilizing social media data for pharmacovigilance: A review
PMC039	ACA	html	https://pmc.ncbi.nlm.nih.gov/articles/PMC4226997/	Validity of Self-Reported Time to Pregnancy
PMC040	ACA	html	https://pmc.ncbi.nlm.nih.gov/articles/PMC2044504/	Validity of the World Health Organization Adult ADHD Self‐Report Scale (ASRS) Screener in a representative sample of health plan members
